Unidade da Federação;BCG;Hepatite B  em crianças até 30 dias;Rotavírus Humano;Meningococo C;Hepatite B;Penta;Pneumocócica;Poliomielite;Poliomielite 4 anos;Febre Amarela;Hepatite A;Pneumocócica(1º ref);Meningococo C (1º ref);Poliomielite(1º ref);Tríplice Viral  D1;Tríplice Viral  D2;Tetra Viral(SRC+VZ);DTP REF (4 e 6 anos);Tríplice Bacteriana(DTP)(1º ref);Dupla adulto e tríplice acelular gestante;dTpa gestante; Total
11 Rondônia;88,11;86,75;88,92;92,63;89,66;89,66;102,44;98,26;63,78;81,42;85,01;97,68;89,81;75,47;106,42;82,25;70,74;49,83;55,01;53,32;75,54;82,12
12 Acre;93,86;91,26;84,5;89,67;76,42;76,42;91,53;81,73;50,98;68,69;80,62;78,82;85,96;70,66;87,39;78,65;75,68;44,19;51,3;49,19;64,51;74,83
13 Amazonas;93,27;89,62;82,55;89,23;78,58;78,58;92,51;83,29;75,83;74,1;85,32;86,41;90,88;77,02;92,12;82,29;72,71;64,28;65,04;53,39;69,61;79,8
14 Roraima;115,88;115,53;78,95;83,54;64,39;64,39;90,26;79,76;67,68;69,77;81,05;72,63;77,2;69,29;81,21;86,72;74,53;67,49;68,09;42,43;70,99;77,48
15 Pará;83,06;75,47;76,03;77,41;62,38;62,38;82,14;72,72;39,49;62,6;72,67;73,55;74,55;60;82,81;71,34;59,9;35,44;44,11;46,78;59,87;65,14
16 Amapá;100,27;90,97;78,73;84,9;52,67;52,67;84,9;73,01;42,48;66,99;77,17;76,09;85,77;56,3;87,24;74,28;64,43;46,54;50,37;48,48;58,98;69,27
17 Tocantins;112,41;111,88;88,73;93,52;76,38;76,38;94,02;88,17;65,91;76,47;87,09;90,44;95,13;75,97;91,07;84,71;81,35;53,13;55,4;51,01;75,97;82,12
21 Maranhão;83,57;77,83;77,52;77,8;58,58;58,46;84,13;75,73;40,65;66,75;74,06;75,08;77,11;63,56;87,05;65,87;6,94;33,17;46,21;42,83;62,71;63,23
22 Piauí;82,58;81,51;82,4;85,44;68,15;68,15;86,74;81,85;52,71;73,4;80,21;81,79;84,11;67,15;89,01;74,48;2,14;46,57;55,64;46,71;62,73;69,58
23 Ceará;86,05;78,89;94,96;97,42;80,06;80,05;98,85;93,54;64,5;0,78;91,32;89,82;93,38;80,25;103,02;86,7;13,04;49,94;57,2;60,45;70,42;75,18
24 Rio Grande do Norte;85,29;83,35;84,56;85,25;68,87;68,87;89,32;80,74;54,99;0,65;81,4;87,32;84,86;71,49;93,73;74,4;3,74;47,27;56,12;45,06;64,49;68,19
25 Paraíba;94,9;86,93;95,51;96,9;82,21;82,19;99,9;92,6;63,83;1,16;91,77;90,12;89,1;78,26;105,74;87,79;13,22;59,57;67,23;50,89;69,5;76,94
26 Pernambuco;92,07;88,38;86,73;88,71;73,7;73,69;90,14;85,64;57,1;1,15;86,09;86,37;88,14;72,19;101;81,45;7,78;48,24;55,37;53,46;68,23;71,1
27 Alagoas;91,54;83,73;88,83;91,8;79,12;79,12;94,73;87,89;60,47;2,78;88,65;89,52;91,51;80;106,22;74,53;3,43;42,23;50,96;53,82;68,59;71,79
28 Sergipe;85,41;84,33;82,03;86,8;76,81;76,81;84,73;80,86;65,62;1,22;82,05;84,39;87,29;71,16;90,99;74,98;0,81;56,66;61,36;42,47;57,61;68,84
29 Bahia;78,05;73,74;75,23;78,53;66,89;66,89;79,56;74,83;51,86;66,44;75,3;73,59;78,68;65,83;84,65;70,5;1,79;50,83;62,15;34,64;55,69;65,14
31 Minas Gerais;88,76;81,77;90,4;91,46;74,36;74,36;91,88;88,52;76,71;85,71;92;87,1;89,93;81,41;96,97;87,58;1,37;59,62;68,71;44,68;70,1;77,86
32 Espírito Santo;90,1;83,53;88,7;90,46;66,38;66,36;91,76;86,68;78,79;70,89;91,96;88,41;91,72;78,71;95,01;87,45;3,42;44,8;44,64;57,38;73,1;75,32
33 Rio de Janeiro;79,62;50,77;75,05;76,81;55,16;55,15;78,4;73,62;53,83;55,21;77,67;73,48;71,95;60,18;96,58;77,24;6,76;36,84;39,61;34,37;54,09;61,19
35 São Paulo;83,78;77,52;87,17;87,88;72,14;72,1;89,81;86,62;82,67;72,3;86,26;82,85;86,34;78,83;91,8;82,5;26,81;64,46;58,48;40,27;54,77;74,5
41 Paraná;91,19;70,89;90,8;92,93;79,03;79,03;92,38;89,69;86,79;83,19;91,29;88,42;90,44;80,9;91,99;90,67;83,02;78,82;76,48;44,45;68,69;82,87
42 Santa Catarina;83,43;79,94;95,35;97,88;71,98;71,98;97,88;93,68;99,46;84,43;94,35;93,59;94,87;84,07;95,82;93,34;89,32;55,69;54,5;55,5;71,96;83,98
43 Rio Grande do Sul;87,83;78,35;86,94;90,81;71,77;71,77;89,64;85,09;85,15;63,72;89,42;86,9;91,35;80,85;91,23;87,6;82,89;66,37;64,98;47,95;68,08;79,46
50 Mato Grosso do Sul;114,25;111,71;94,82;97,25;85,74;85,7;98,17;94,41;94,68;88,88;94,21;96,63;97,09;92,92;104,88;92,21;81,86;70,51;66,4;62,99;79,42;90,84
51 Mato Grosso;90,11;86,96;86,18;90,31;72,52;72,52;90,58;85,81;74,38;75,92;82,91;90,44;89,42;74,42;89,91;83,71;79,44;54,29;57,57;45,07;67,12;78,28
52 Goiás;86,73;77,48;83,98;85,67;64;64;86,99;81,52;67,6;73,43;83,29;84,87;84,76;73,61;88,39;79,68;71,18;34,41;36,5;36,42;64,04;71,93
53 Distrito Federal;93,24;102,65;85,38;85,69;69,95;69,95;88,06;84,32;79,77;79,19;87,32;79,87;84,33;77,23;85,71;86,8;84,27;52,05;52,46;58,02;72,2;79,12
Total;86,67;78,57;85,4;87,41;70,77;70,76;89,07;84,19;68,45;62,41;85,02;83,47;85,78;74,62;93,12;81,55;34,24;53,74;57,08;45,02;63,23;73,44
